472,474,475,614,615,621,622,623,632,644,645,654,661,663,664,667,668,669,735,736,747,752,754,763,764,765,766
0.0,0.0,0.0,0.0,0.0,0.0,0.0,0.0,0.0,0.0,0.0,0.0,0.0,0.0,0.0,0.0,0.0,0.0,0.0,0.0,0.0,0.0,0.0,0.0,0.0,0.0,0.0
0.0,0.0,0.0,0.0,0.0,0.0,0.0,0.0,0.0,0.0,0.0,0.0,0.0,0.0,0.0,0.0,0.0,0.0,0.0,0.0,0.0,0.0,0.0,0.0,0.0,0.0,0.0
0.0,0.0,0.0,0.0,0.0,0.0,0.0,0.0,0.0,0.0,0.0,0.0,0.0,0.0,0.0,0.0,0.0,0.0,0.0,0.0,0.0,0.0,0.0,0.0,0.0,0.0,0.0
0.0,0.0,0.0,0.0,0.0,0.0,0.0,0.0,0.0,0.0,0.0,0.0,0.0,0.0,0.0,0.0,0.0,0.0,0.0,0.0,0.0,0.0,0.0,0.0,0.0,0.0,0.0
0.0,0.0,0.0,0.0,0.0,0.0,0.0,0.0,0.0,0.0,0.0,0.0,0.0,0.0,0.0,0.0,0.0,0.0,0.0,0.0,0.0,0.0,0.0,0.0,0.0,0.0,0.0
0.0,0.0,0.0,0.0,0.0,0.0,0.0,0.0,0.0,0.0,0.0,0.0,0.0,0.0,0.0,0.0,0.0,0.0,0.0,0.0,0.0,0.0,0.0,0.0,0.0,0.0,0.0
0.0,0.0,0.0,0.0,0.0,0.0,0.0,0.0,0.0,0.0,0.0,0.0,0.0,0.0,0.0,0.0,0.0,0.0,0.0,0.0,0.0,0.0,0.0,0.0,0.0,0.0,0.0
0.0,0.0,0.0,0.0,0.0,0.0,0.0,0.0,0.0,0.0,0.0,0.0,0.0,0.0,0.0,0.0,0.0,0.0,0.0,0.0,0.0,0.0,0.0,0.0,0.0,0.0,0.0
0.0,0.0,0.0,0.0,0.0,0.0,0.0,0.0,0.0,0.0,0.0,0.0,0.0,0.0,0.0,0.0,0.0,0.0,0.0,0.0,0.0,0.0,0.0,0.0,0.0,0.0,0.0
0.0,0.0,0.0,0.0,0.0,0.0,0.0,0.0,0.0,0.0,0.0,0.0,0.0,0.0,0.0,0.0,0.0,0.0,0.0,0.0,0.0,0.0,0.0,0.0,0.0,0.0,0.0
0.0,0.0,0.0,0.0,0.0,0.0,0.0,0.0,0.0,0.0,0.0,0.0,0.0,0.0,0.0,0.0,0.0,0.0,0.0,0.0,0.0,0.0,0.0,0.0,0.0,0.0,0.0
0.0,0.0,0.0,0.0,0.0,0.0,0.0,0.0,0.0,0.0,0.0,0.0,0.0,0.0,0.0,0.0,0.0,0.0,0.0,0.0,0.0,0.0,0.0,0.0,0.0,0.0,0.0
0.0,0.0,0.0,0.0,0.0,0.0,0.0,0.0,0.0,0.0,0.0,0.0,0.0,0.0,0.0,0.0,0.0,0.0,0.0,0.0,0.0,0.0,0.0,0.0,0.0,0.0,0.0
0.0,0.0,0.0,0.0,0.0,0.0,0.0,0.0,0.0,0.0,0.0,0.0,0.0,0.0,0.0,0.0,0.0,0.0,0.0,0.0,0.0,0.0,0.0,0.0,0.0,0.0,0.0
0.0,0.0,0.0,0.0,0.0,0.0,0.0,0.0,0.0,0.0,0.0,0.0,0.0,0.0,0.0,0.0,0.0,0.0,0.0,0.0,0.0,0.0,0.0,0.0,0.0,0.0,0.0
0.0,0.0,0.0,0.0,0.0,0.0,0.0,0.0,0.0,0.0,0.0,0.0,0.0,0.0,0.0,0.0,0.0,0.0,0.0,0.0,0.0,0.0,0.0,0.0,0.0,0.0,0.0
0.0,0.0,0.0,0.0,0.0,0.0,0.0,0.0,0.0,0.0,0.0,0.0,0.0,0.0,0.0,0.0,0.0,0.0,0.0,0.0,0.0,0.0,0.0,0.0,0.0,0.0,0.0
0.0,0.0,0.0,0.0,0.0,0.0,0.0,0.0,0.0,0.0,0.0,0.0,0.0,0.0,0.0,0.0,0.0,0.0,0.0,0.0,0.0,0.0,0.0,0.0,0.0,0.0,0.0
0.0,0.0,0.0,0.0,0.0,0.0,0.0,0.0,0.0,0.0,0.0,0.0,0.0,0.0,0.0,0.0,0.0,0.0,0.0,0.0,0.0,0.0,0.0,0.0,0.0,0.0,0.0
0.0,0.0,0.0,0.0,0.0,0.0,0.0,0.0,0.0,0.0,0.0,0.0,0.0,0.0,0.0,0.0,0.0,0.0,0.0,0.0,0.0,0.0,0.0,0.0,0.0,0.0,0.0
0.0,0.0,0.0,0.0,0.0,0.0,0.0,0.0,0.0,0.0,0.0,0.0,0.0,0.0,0.0,0.0,0.0,0.0,0.0,0.0,0.0,0.0,0.0,0.0,0.0,0.0,0.0
0.0,0.0,0.0,0.0,0.0,0.0,0.0,0.0,0.0,0.0,0.0,0.0,0.0,0.0,0.0,0.0,0.0,0.0,0.0,0.0,0.0,0.0,0.0,0.0,0.0,0.0,0.0
0.0,0.0,0.0,0.0,0.0,0.0,0.0,0.0,0.0,0.0,0.0,0.0,0.0,0.0,0.0,0.0,0.0,0.0,0.0,0.0,0.0,0.0,0.0,0.0,0.0,0.0,0.0
0.0,0.0,0.0,0.0,0.0,0.0,0.0,0.0,0.0,0.0,0.0,0.0,0.0,0.0,0.0,0.0,0.0,0.0,0.0,0.0,0.0,0.0,0.0,0.0,0.0,0.0,0.0
0.0,0.0,0.0,0.0,0.0,0.0,0.0,0.0,0.0,0.0,0.0,0.0,0.0,0.0,0.0,0.0,0.0,0.0,0.0,0.0,0.0,0.0,0.0,0.0,0.0,0.0,0.0
0.0,0.0,0.0,0.0,0.0,0.0,0.0,0.0,0.0,0.0,0.0,0.0,0.0,0.0,0.0,0.0,0.0,0.0,0.0,0.0,0.0,0.0,0.0,0.0,0.0,0.0,0.0
0.0,0.0,0.0,0.0,0.0,0.0,0.0,0.0,0.0,0.0,0.0,0.0,0.0,0.0,0.0,0.0,0.0,0.0,0.0,0.0,0.0,0.0,0.0,0.0,0.0,0.0,0.0
0.0,0.0,0.0,0.0,0.0,0.0,0.0,0.0,0.0,0.0,0.0,0.0,0.0,0.0,0.0,0.0,0.0,0.0,0.0,0.0,0.0,0.0,0.0,0.0,0.0,0.0,0.0
0.0,0.0,0.0,0.0,0.0,0.0,0.0,0.0,0.0,0.0,0.0,0.0,0.0,0.0,0.0,0.0,0.0,0.0,0.0,0.0,0.0,0.0,0.0,0.0,0.0,0.0,0.0
0.0,0.0,0.0,0.0,0.0,0.0,0.0,0.0,0.0,0.0,0.0,0.0,0.0,0.0,0.0,0.0,0.0,0.0,0.0,0.0,0.0,0.0,0.0,0.0,0.0,0.0,0.0
0.0,0.0,0.0,0.0,0.0,0.0,0.0,0.0,0.0,0.0,0.0,0.0,0.0,0.0,0.0,0.0,0.0,0.0,0.0,0.0,0.0,0.0,0.0,0.0,0.0,0.0,0.0
0.0,0.0,0.0,0.0,0.0,0.0,0.0,0.0,0.0,0.0,0.0,0.0,0.0,0.0,0.0,0.0,0.0,0.0,0.0,0.0,0.0,0.0,0.0,0.0,0.0,0.0,0.0
0.0,0.0,0.0,0.0,0.0,0.0,0.0,0.0,0.0,0.0,0.0,0.0,0.0,0.0,0.0,0.0,0.0,0.0,0.0,0.0,0.0,0.0,0.0,0.0,0.0,0.0,0.0
0.0,0.0,0.0,0.0,0.0,0.0,0.0,0.0,0.0,0.0,0.0,0.0,0.0,0.0,0.0,0.0,0.0,0.0,0.0,0.0,0.0,0.0,0.0,0.0,0.0,0.0,0.0
0.0,0.0,0.0,0.0,0.0,0.0,0.0,0.0,0.0,0.0,0.0,0.0,0.0,0.0,0.0,0.0,0.0,0.0,0.0,0.0,0.0,0.0,0.0,0.0,0.0,0.0,0.0
0.0,0.0,0.0,0.0,0.0,0.0,0.0,0.0,0.0,0.0,0.0,0.0,0.0,0.0,0.0,0.0,0.0,0.0,0.0,0.0,0.0,0.0,0.0,0.0,0.0,0.0,0.0
0.0,0.0,0.0,0.0,0.0,0.0,0.0,0.0,0.0,0.0,0.0,0.0,0.0,0.0,0.0,0.0,0.0,0.0,0.0,0.0,0.0,0.0,0.0,0.0,0.0,0.0,0.0
0.0,0.0,0.0,0.0,0.0,0.0,0.0,0.0,0.0,0.0,0.0,0.0,0.0,0.0,0.0,0.0,0.0,0.0,0.0,0.0,0.0,0.0,0.0,0.0,0.0,0.0,0.0
0.0,0.0,0.0,0.0,0.0,0.0,0.0,0.0,0.0,0.0,0.0,0.0,0.0,0.0,0.0,0.0,0.0,0.0,0.0,0.0,0.0,0.0,0.0,0.0,0.0,0.0,0.0
0.0,0.0,0.0,0.0,0.0,0.0,0.0,0.0,0.0,0.0,0.0,0.0,0.0,0.0,0.0,0.0,0.0,0.0,0.0,0.0,0.0,0.0,0.0,0.0,0.0,0.0,0.0
0.0,0.0,0.0,0.0,0.0,0.0,0.0,0.0,0.0,0.0,0.0,0.0,0.0,0.0,0.0,0.0,0.0,0.0,0.0,0.0,0.0,0.0,0.0,0.0,0.0,0.0,0.0
0.0,0.0,0.0,0.0,0.0,0.0,0.0,0.0,0.0,0.0,0.0,0.0,0.0,0.0,0.0,0.0,0.0,0.0,0.0,0.0,0.0,0.0,0.0,0.0,0.0,0.0,0.0
0.0,0.0,0.0,0.0,0.0,0.0,0.0,0.0,0.0,0.0,0.0,0.0,0.0,0.0,0.0,0.0,0.0,0.0,0.0,0.0,0.0,0.0,0.0,0.0,0.0,0.0,0.0
0.3508938742057193,0.0,0.25161363422081195,0.0,0.0,0.0,0.0,0.47685556932358475,0.0,0.0,0.0,0.0,0.0,0.0,0.0,0.0,0.0,0.0,0.0,0.0,0.0,0.0,0.0,0.0,0.0,0.0,0.0
0.26802447819885794,0.0,0.1548668128722194,0.0,0.0,0.0,0.0,0.45662494498621364,0.0,0.0,0.0,0.0,0.0,0.0,0.0,0.0,0.0,0.0,0.0,0.0,0.0,0.0,0.0,0.0,0.0,0.0,0.0
0.26360225075332977,0.0,0.3447834862699767,0.0,0.0,0.0,0.0,0.39209542007132947,0.0,0.0,0.0,0.0,0.0,0.0,0.0,0.0,0.0,0.0,0.0,0.0,0.0,0.0,0.0,0.0,0.0,0.0,0.0
0.028360303670944026,0.0,0.037595870988802474,0.0,0.0,0.0,0.0,0.03992214398122086,0.0,0.0,0.0,0.0,0.0,0.0,0.0,0.0,0.0,0.0,0.0,0.0,0.0,0.0,0.0,0.0,0.0,0.0,0.0
0.11547833424734878,0.0,0.8525098426878842,0.0,0.0,0.0,0.15196044447908788,3.3837300386626694,0.0,0.0,0.0,0.0,0.0,0.0,0.0,0.0,0.0,0.0,0.0,0.0,0.0,0.0,0.0,0.0,0.0,0.0,0.0
0.2238041532464623,0.0,1.6647530644954318,0.0,0.0,0.0,0.23015121414757103,5.217584146314067,0.0,0.0,0.0,0.0,0.0,0.0,0.0,0.0,0.0,0.0,0.0,0.0,0.0,0.0,0.0,0.0,0.0,0.0,0.0
0.07435595331309526,0.0,0.2961394493139267,0.0,0.0,0.0,0.04417483785109236,1.045960301908756,0.0,0.0,0.0,0.0,0.0,0.0,0.0,0.0,0.0,0.0,0.0,0.0,0.0,0.0,0.0,0.0,0.0,0.0,0.0
4.242955929351873,0.0,10.892739744148475,0.0,0.0,0.0,0.16507996048873544,3.8640463243794696,0.0,0.0,0.0,0.0,0.0,0.0,0.0,0.0,0.0,0.0,0.0,0.0,0.0,0.0,0.0,0.0,0.0,0.0,0.0
2.2377874359502337,1.0782313316301568,8.021974407066503,0.44764314757961,0.0,0.9776976361214029,0.276066270009669,4.603597992762823,0.0,0.0,0.0,0.0,0.0,0.0,0.0,0.0,0.0,0.0,0.0,0.0,0.0,0.0,0.0,0.0,0.0,0.0,0.0
0.15954386776083018,0.1244191519230094,0.4550249295585577,0.14633447526430354,0.0,0.08038697882830821,0.2852887936206583,0.4642323255980201,0.0,0.0,0.0,0.0,0.0,0.0,0.0,0.0,0.0,0.0,0.0,0.0,0.0,0.0,0.0,0.0,0.0,0.0,0.0
0.6258097474765522,0.5345184743482423,2.5408978162490174,0.6216766219150262,0.0,0.4581642869885616,1.338655057326659,2.7811845326703835,0.0,0.0,0.0,0.0,0.0,0.0,0.0,0.0,0.0,0.0,0.0,0.0,0.0,0.0,0.0,0.0,0.0,0.0,0.0
0.3690820991369397,0.1398551190441369,3.492615878433631,0.1811221349809929,0.04025468912379307,1.5060765584216789,1.9306000203362244,2.8870204633073535,0.0,0.06517544938454986,0.08086018370801619,0.0,0.0,0.0,0.0,0.0,0.0,0.0,0.0,0.0,0.0,0.0,0.0,0.0,0.0,0.0,0.0
3.677064285228749,4.155528089465489,12.291849717642027,6.1257365181594565,0.3945649288223071,5.066344723988113,7.603077705486504,11.094168796859673,0.0,1.6168902706927062,0.26736165548491697,0.0,0.0,0.0,0.0,0.0,0.0,0.0,0.0,0.0,0.0,0.0,0.0,0.0,0.0,0.0,0.0
3.4826724995560268,5.31889754885261,13.721683564095299,9.473103186849121,0.5557178097203912,8.844252902887074,7.853102086007772,12.022793194116284,0.0,3.7850918620370337,0.6633479013448741,0.0,0.0,0.0,0.0,0.0,0.0,0.0,0.0,0.0,0.0,0.0,0.0,0.0,0.0,0.0,0.0
0.005212056860323719,0.013974431958045454,0.04150296050627372,0.0787210800788172,0.003705197766037799,0.02601066965037991,0.013646818728913799,0.013204332326367594,0.0049186248841391455,0.01936067036201868,0.00411373134488841,0.0,0.0,0.0,0.0,0.0,0.0,0.0,0.0,0.0,0.0,0.0,0.0,0.0,0.0,0.0,0.0
0.2996936122553729,0.7039768733561228,0.9080182049282614,0.244578956525279,0.19516698834354868,0.725521775416904,0.8603350310678763,1.1503353391363815,0.09806459951827319,1.1333951267447804,0.20603779634671485,0.0,0.0,0.0,0.0,1.1508290307167888,0.0,0.0,0.0,0.0,0.0,0.0,0.0,0.0,0.0,0.0,0.0
0.5827641574060639,2.7059239652253133,3.323070813184369,1.702283903380644,0.7273418484721734,3.7401294732674533,2.8164360681469205,4.196170317407777,0.7818255717226796,4.177698625441139,0.916019540262604,0.0,0.0,0.26605977415816073,0.0,2.6715063294125936,0.0,0.0,0.0,0.0,0.0,0.0,0.0,0.0,0.0,0.0,0.0
2.0840669269872922,7.495748997810384,12.881026260416268,7.838796575641593,2.9819431812816957,10.858579803793893,9.712650337763678,13.16146286028166,8.896314376300746,11.527755202982934,2.7393828403022464,0.0,0.0,0.41901817690225607,0.2722150839783985,4.774508472306562,0.0,0.0,0.0,0.0,0.0,0.0,0.0,0.0,0.0,0.0,0.0
0.4669486206872867,1.072506753083745,2.5997197767491897,0.4433734356271376,0.6305974350307492,1.8712176952990445,1.7114949167704097,1.9776800186218926,0.585384103848906,2.6897117141034794,0.27835773055951196,0.0,0.0,0.006459714126797508,0.014847902999512814,0.17628991546427397,0.0,0.0,0.0,0.0,0.0,0.0,0.0,0.0,0.0,0.0,0.0
0.3036911477006812,0.9565414839302039,2.2774443428092326,4.331715555704497,2.25679609906994,2.2165875611529384,1.879500256614298,1.9057530983381061,5.10297083495045,1.3518707622039239,0.33581879730592024,0.0,0.4572347991213978,0.1824464781387562,0.5213230691176423,1.0182837091676777,0.2335801198240814,2.5190872323295723,0.0,0.0,0.0,0.0,0.0,0.0,0.0,0.0,0.0
0.5469721935305745,1.584901084549085,2.916447193920301,5.95878245255066,2.03767884248999,2.782846301727951,1.8930293051639115,2.1329605010049253,5.4121792912562645,2.0272374950433347,0.36726548150049754,0.0,0.9809147926647687,0.3253160159056126,0.9008751909660067,1.817429235445852,0.43387809832682384,2.9683255389133762,0.0,0.0,0.0,0.0,0.0,0.0,0.0,0.11942088807028145,0.0
2.111089127179637,3.9752231889727825,6.037517750605754,7.8421454214494295,3.6096595919457375,5.398049875321058,4.17730662243295,4.95795847797816,9.876594584337338,3.9437215520959117,0.9674911666493873,0.0,2.136105235955625,1.4501081078302065,2.6481046692221404,4.204949232932421,2.663566410722168,5.1684365003939865,0.0,0.0,0.0,0.0,0.0,0.0,4.59266988136508,0.36689883751315056,0.0
0.4163968552194276,2.7135672217856674,0.014890652586893552,0.01341092389007223,0.018810292866123478,0.12194049166679433,0.7476464843680259,0.24684240893076323,0.08745791380659393,2.0346413531522702,0.4473778381704122,0.02643641560653843,0.5640402170572348,0.22363697868232746,2.137799176755098,0.5735445185879063,2.6842028618054132,1.0228107710268917,0.0,0.0,0.1279051627054778,0.0,0.624219321940398,0.5257539280034408,5.2152130299810135,0.27931806440490703,0.0
0.5980322984352546,4.497889153271807,0.4905131906832587,0.638417211744367,0.8321433148095204,0.7489091113096099,3.4744277255347713,1.3061763513419928,1.2872636354233271,6.806238728762241,1.4451947639754799,0.1450488697934069,1.6567387823308635,0.9564389610114532,6.454083567695167,3.046105298412455,5.775398513657543,3.868866062088568,0.0,0.0,0.1692052854533938,0.0,1.8568868555356166,0.6987006597353925,6.439920033224517,0.414564602228175,0.0
1.8729536977451062,5.935459088279554,2.6790846760234723,2.154809692184517,1.8563176806477195,3.5257729703991783,6.341112988438038,5.6271299507450685,1.789181482455013,8.271553589768589,2.9840930593442576,0.11664209451564189,0.5899427867123375,0.7565975596527954,5.537068476716851,2.6742462895072925,2.7574619204408966,2.3377493935210394,0.0,0.0,3.5714828415251456,0.5008630175980487,3.866174744441976,0.9459153541707755,3.811701176817167,0.7048872575348244,0.006909126989410285
0.5525516817697735,1.1547603992085984,2.1403888373680307,1.8055996771085994,1.2393005451605452,1.185212089282427,0.7008253913980037,1.1978370025788456,1.3785861314920913,0.5500824601403604,0.46606925281504524,0.10260795447329255,0.4383091793897715,0.4665363418880868,0.313504571003202,0.533878772347776,0.2598185358251715,0.5350038516514629,0.0,0.0,0.07494066761035371,0.5194983968023903,0.587868951847829,0.027532667844277707,0.5476725005395573,0.5211114466475126,0.001188513606521286
1.5174239770014781,2.7769973817524773,5.736408003126505,4.712164557171983,3.6363072449856384,3.701748930134253,3.0959096960325203,4.200978547355463,3.770451634531546,2.636936669858924,1.6079589518080184,0.2273219357106711,0.7214934887848506,1.1194567420659995,1.577838334070936,1.8011722327746922,0.9717408486342068,1.2949303459897734,0.0,0.0,1.0809593216337887,0.9852193889195457,0.7845510083185749,0.08180677391521513,0.8822421313514642,0.767270143231775,0.014855122895645766
3.8320909620687065,5.841426950572335,9.65319845086736,8.034088028481666,6.914109911676622,7.7535201103137465,6.126756074737284,7.840412577140984,8.051839550199205,5.2889714930914025,4.318106565729924,5.601708830557461,2.2288496681941306,4.114224917934487,3.7415003824945203,4.126106478749749,2.5350025082106082,3.06348617666481,0.0,0.0,2.621741423938158,2.0889272293397783,1.9634585283876826,0.1882943175792454,2.702241607669538,2.1876461942600507,0.01461834843963054
3.6569825038671233,7.797700255697174,9.613568692736903,8.11317811683929,6.602720565366623,8.678508632023243,8.788322031336882,10.116762072024867,8.713469571722557,8.494220438784346,5.99913945886336,5.204922335454485,4.9478347111328,6.286529651338159,7.149978005797411,6.842030584506536,5.486295978260423,5.219288848061418,0.0,0.0,4.367652579321623,4.084883158170494,4.170682101233527,0.6162187475203894,4.709883356112254,4.435260557427057,0.0188194571403097
8.185268596230594,2.24893493555148,25.67051294210523,26.656838551774996,20.587112731367053,20.195847983920814,5.226590440121136,17.336641868573913,19.056674174865147,0.5148335859147302,2.662600278762667,1.0481228780094978,0.06157390201179581,0.2837949571514779,0.0008172340959341349,0.11566020968155956,0.0002275291020763095,0.0011370778587420501,0.0,0.0212555051568502,0.031519772742686955,0.10349012136999981,0.024518620569519534,0.003420813562491628,0.012912837907595688,0.06262161795848006,0.00017671382285660544
2.6744845913075554,0.8391513583837261,10.894860099552716,11.27589256618073,7.908059896415018,6.54726198088303,1.1983590816337304,5.533227910304721,7.5831660678812876,0.6418335410808496,0.6634023275852896,0.8215230557877902,0.7133706546918439,0.6656005834032452,0.25868238292545875,0.49454187109758285,0.17239218759202884,0.2635534588874009,0.0,0.12585747276699688,0.19187835448987126,0.5755373993169839,0.47044199762753813,0.034190434891736815,0.47886176347354104,0.6425485886249437,0.0022165247867238476
6.099243492872732,4.69219207872839,10.97484976803283,2.9525426832983532,9.625517091851986,10.536823154394849,4.233913268465888,10.543275724417686,11.38101497184222,1.8529590699831382,1.4941428342945025,2.4420753779657165,2.2326162367332936,2.889233722386406,0.597829826190815,1.0140966795657882,0.5117161177209568,0.5488053465626829,0.0,1.4207390040719738,0.9001328135533476,2.8177063081743783,1.702844711898506,0.10801432465462336,0.8539816386159413,1.377829343515731,5.859389305160233
8.745895532094433,15.649572005055276,21.4687632828898,11.704009646622247,17.372480622693885,22.956183828149893,17.435727234770994,23.474164861204596,23.000333426651753,14.230596124129955,13.015946925567276,13.990669706263564,14.763083664432813,16.31974705314076,11.514722268840114,12.508067010153367,9.51110239159153,9.694979974669609,0.0,5.088213702150998,9.926466149365863,13.138078819496535,13.005500319091954,1.4849877081325167,12.128802289478493,13.439596541813382,14.283445783986066
7.736652105171967,12.240080635537373,18.356338941880328,16.399359148674094,15.691537541381608,18.17756278235542,14.35474773728969,16.61925035686609,20.561707762624998,13.166049676223498,10.430595080128247,11.545745912610085,11.512051928784551,13.697844321623345,11.427274102682256,12.646578021445755,9.794472553482311,8.86923873727849,0.32221244264353094,3.200769407527659,6.780728845615394,8.804017617594242,10.247059608896441,1.1435304243803432,8.75688787017571,10.393101173419605,7.31963928011554
4.918201098621258,9.556838050873653,1.5014436431015736,0.0361043463283882,0.02112007656175776,1.0774485943627017,9.590231931836886,9.081790791854347,0.0019348352206483867,10.912043025623843,3.3947921169627797,0.005309159994634642,0.6018517003942689,0.4612197913909863,11.39228300638129,7.488046309916697,10.530948958365611,8.007554613273811,1.1397532202228522,9.847274594758131,12.692224608185235,7.76443293135421,5.591531212391821,6.37707344511223,8.685186015940713,1.0862483893392154,12.806914937604922
0.0007695792678022234,0.0015643906211590451,0.010348135656546213,0.000687228323609967,0.0009862439965268356,0.014443457915151262,0.019957429323785865,0.016130498670070943,0.005418778331085892,0.0076296190433266095,0.015316480809904595,0.0021633256348733503,0.03261819960015697,0.04845886884804126,0.007619574089635777,0.06324377821700666,0.0035730389341763324,0.004908435135850929,0.13344254304604278,0.6094237080528474,0.36657410260035567,1.5066436448211413,0.43359811768565143,0.023214368242338898,0.03423340811329411,0.18994573355466793,0.989142050353163
1.8407339291117213,2.4773677834031083,4.100471808515238,1.6866914526570487,2.452786784190333,4.126332182822457,3.3058413952243937,4.618538784078307,2.207844370458499,2.176403652594951,2.1078868458033293,0.9422315513013427,1.1035352960067633,1.2015916486376605,1.569333042127001,1.6746238279176953,1.3388390006280024,1.0039816602170246,0.2558561000682647,0.14928843696526517,0.3244843584089201,1.1460244765085346,0.9353849462126308,0.1382416155966103,0.9101324174034011,0.8995824713322554,1.8695105747854668
3.875935087255151,5.513768432088835,9.363524716370378,2.8303006703161224,3.5192425211593004,8.05977112250682,4.17996615769832,9.123759776156795,2.3053096007074716,2.713368804903232,3.3379972621465175,0.9692060735526477,0.7272612535762616,1.6189978018741933,0.9104203190790411,2.112603104699586,0.5924435991950153,0.754520755950064,0.005506342855626671,0.022534133163128394,0.13759034006483437,0.048762597630002,0.10335811134397266,0.07805999363027806,0.4090349995852359,0.3208389867900041,0.03217932629819015
4.876257948234771,9.028250755176073,11.72504221304442,3.932167996531363,5.39273261696796,10.476784565069428,7.843886770603446,12.203967766905116,4.494345088984616,6.077002965301511,5.538674295764159,1.371899079515785,0.909779523564805,2.0510698590801586,2.1726586468773825,3.3626619520552126,1.1392462121009699,1.1164972031476472,0.1767255849163672,0.2764118113658577,0.4160709246840319,0.1906791047870073,0.5825601367380795,0.14647324182685265,0.8794214028493196,0.7539467093756943,0.4108166219275504
7.050921629101411,14.865133156584456,12.413200870558251,12.29112102996494,10.333146804196222,11.834685793706162,9.661490218136054,12.501900978830756,9.963995397315024,8.536167002844222,7.771415107736913,5.26030082870306,4.280955772419232,5.947326628779915,1.343404741161156,6.788058498069182,0.8929927834105463,3.2342215730250587,0.09835971025912045,0.42613178373910293,0.6288200294088316,0.7625497241328398,0.7189361343804869,0.5005801011295263,1.0028793629086186,2.822750473703138,0.24413637910040994
5.714585073444242,11.387422319284056,14.03420861347104,9.52401029028361,8.171384773396426,11.346273961085197,9.471324205173724,13.319617219152331,10.68185339563348,11.018523265733842,8.050477986785545,7.175121950250303,6.780322426309686,11.374611370046114,7.350724519222061,8.007878269767229,5.127573901310389,5.450643307368036,1.1062034231007032,2.240012396351894,0.9682146426242739,1.7807500040590323,2.713110502351062,0.8154639041823637,4.013978253045154,4.624851697109121,1.5607573478627357
0.5628493618347677,0.8570914431278291,3.64041127883385,3.167574883518852,2.273593555887475,3.491909443520716,2.2832114661205765,2.5350580790870128,1.0041322775000487,1.4297497004074253,1.6236042148029581,0.6175364044657468,2.738293020209507,0.7203167068252139,0.731847134525944,0.850385357442767,0.8356122831254118,2.1500155652767643,0.8652157010163594,1.9123575748547597,3.397237308393151,2.549072547668683,5.022352306443262,3.713614265351572,7.084262965599581,6.308714686953385,2.5661759546122087
2.0300453088508057,1.8328831026658714,2.149359728512996,8.345152111775759,5.049918768071893,4.694604902522606,2.774050127781344,3.4685068785176023,5.729242606190584,1.3350961472311946,3.688941238138854,2.8705253907919404,5.6747748370145,3.499159940051126,2.153395776458301,3.5547523947930655,2.7927940000689473,5.642478841160002,2.9322894559578074,3.3067639886575275,4.548415543248811,4.962043994777287,5.611596322594749,4.70454240529566,8.166212628732502,6.643068157849827,4.259612307839519
6.957360599936538,11.716104944073997,11.393687820390213,17.075903813891646,14.739620997649723,16.558333277553007,11.859444983207224,15.462452297087992,18.219550706927723,10.236941313829202,12.405843325396393,13.076535594982055,17.152902334818044,14.285712858194245,9.39271311059064,12.316626121593455,9.5913674776555,11.030614849364857,4.5025567670892475,4.3536032699538,11.359217599028641,8.182848912207898,15.022220524982517,8.983700449498079,12.614135565240357,15.068148710610082,16.783335037357386
10.4474824334408,17.873201202500223,22.719182467948627,18.029421455097864,18.51498051706991,23.209724136474794,21.12496191905069,25.877851407798246,19.307588314909324,12.208332813566647,16.558962353915547,11.062750435306649,8.22040450646823,11.346594581043806,5.410727434301934,8.470841843879128,6.35970217169578,3.621083548224154,0.5938885816128652,0.7411628173796828,2.0391056439178574,0.9937731008259264,5.376644732307365,3.2313497822285364,8.73090275526556,7.506093426546384,2.8429974922569077
10.512325100098998,20.89245117289063,20.438327977376066,16.591306140889188,14.732016074878924,20.753581562682427,19.860486702359935,23.96414597883915,18.8263702160522,17.361884149653925,15.828738242403,16.22721501950905,20.946676597277595,19.95072729447384,12.719595278129264,15.664968681695736,12.430476667284605,11.942838050096283,0.19831465811964324,0.29145706928882315,8.224873181321868,11.011758495724422,14.409656389113682,7.444801151268306,11.33716197904804,18.36416143151833,13.362326795417594
8.199726396986561,16.85134307276919,22.916281775485192,24.944577188160604,22.38168704778872,26.888094505496767,20.191302735938955,21.288288071265736,24.00035785464999,17.160147393093805,20.647874395237903,10.018373432715018,23.07226750428234,16.744025275050777,13.684403476843647,17.38686251789349,11.91154217513618,16.369956076681778,2.2591825309325793,2.700369158741356,10.248559653921856,6.399695144723438,16.2901628798863,6.765601874201239,19.6959868113649,17.49821677087313,11.767620825524059
1.0395578808662227,6.323166615972111,2.024420772919418,1.644016501055509,1.9662582217043136,6.125961685125754,11.474327993630185,5.0491697786071885,9.687855924340885,7.664035218745297,8.67387899173508,1.4763166551192648,0.19141346617093896,0.6862446938122766,1.6072197736966005,2.070320809412224,2.5189979650428285,0.896941674612268,4.429621667383338,4.771348239719206,10.219272257347786,6.0254756326851835,5.935237880406359,4.101241964731637,2.294102900153766,1.0057819019684673,9.051627795221483
2.770063671742143,9.633906787929943,5.9185284382409575,4.441677523998408,5.029978045382577,10.511333491874932,12.807829812390832,10.157061231078803,13.086402758684548,10.638229761969622,11.042132271186324,6.901256335625075,3.6583774611119106,6.224640176207839,8.691532118062137,7.740284847081409,8.823317257130462,5.660786427530086,8.707947882914022,6.656524896700766,11.058036805949293,13.916724717262959,13.604114837905927,7.95847581087032,7.508120633890653,6.3880918017708215,14.98179863744041
0.4641149005907966,1.9032432346104797,5.90171693695243,12.221241170119217,4.690166840049566,4.406338014609652,1.44521873894439,2.243807005097266,6.552605228235768,0.7140323250050308,0.9008967531479882,6.270481545172714,4.922333609224319,1.9613011804429181,1.1673928000646856,0.8725163808495232,0.23374988107205869,0.45881863265038686,3.4223828110481405,1.1550585294603886,0.42672002161939815,6.63528724622141,1.7533976645778728,0.2638693888411143,0.4474394555443761,3.5105189843476694,2.538288614826135
2.1262231877840843,4.039629030171907,21.796867366062262,4.970132319211291,5.812085326324509,6.899430385238409,4.229678027431471,9.535082210899917,3.768391649452652,3.4956088167210737,2.388635305055774,2.9979430578855295,2.629824132042293,2.990361641437199,3.266983719485635,2.555422805345355,1.959075191492532,1.5397076896564712,0.7232451345649976,3.3627006719138723,1.238746686993389,1.0962555817412611,1.9272550468680962,0.812896179279525,1.580968884619148,1.8263695086786966,3.308768097267562
5.3342446191846555,10.737866696444465,23.485427117033293,11.011681307723636,13.036240654022425,15.281873461890646,11.336478121013716,17.57523222383164,10.387251809865266,9.101673212907382,7.378147144887983,4.815494729820271,3.13520097907382,6.975664850762224,7.196931664685599,5.794834347445905,4.126542259052625,2.477510065236404,3.0260416170493816,5.208382817461413,2.556680570461143,2.9840601505577826,1.8270444614731116,0.747437612885077,1.4168642610463171,1.7391684886050265,1.3166286904663245
5.081181336246823,7.360260403076656,19.103744191863992,17.537337819280374,13.52364333622052,15.328857124049936,10.01184027922109,15.769388139790118,13.908748553893208,6.392406661202641,8.22655272084024,5.834366487108845,6.843115732739062,5.610591454860392,5.10841550851567,3.0192672289506226,3.123427685671997,0.6366988731484141,2.589740169876721,2.1366846617463042,2.4717872448619187,5.054303534464618,0.3563624963426966,0.48827661279188067,0.3184842613038054,2.429109266870836,0.8451809466760575
2.950823905648778,3.160322996430035,6.634659720023107,0.2857948420717108,0.4808212931313053,1.7101590463714889,1.3110057465600078,3.6616995447695855,0.41523898192406594,0.9287411739150342,0.7665135217030418,0.07766876999533243,0.09785794373399377,0.15680299973273745,0.4810941967916899,0.4431980830272704,0.204596989522537,0.13608578744151306,0.07860099257077294,0.12084782587125921,0.311156363683127,0.08658631605294896,0.03593246112888602,0.05365315229330138,0.0545987953933228,0.08488773622662027,0.052030085227329374
6.794964574133938,10.867807990183236,18.61883324002779,0.9961918408888024,3.797171677744543,8.46102563960685,7.728474732048595,13.017346511441612,2.440986970411492,6.66258501951007,5.70770302111441,0.8173284232521247,1.6036072688956142,2.248961634575775,4.386475492486686,4.211284361447359,2.8219180704948466,1.7229884261998565,0.8295392808645747,1.1696270536936217,2.887430984801388,0.8601277125010197,0.8758037956628587,0.7998298622918155,0.9375984722453063,1.3479265259423685,0.8969175083511346
10.647562970408593,16.141621074173408,27.451267954723424,14.332268076325002,14.09838152843669,19.014910761244366,12.76249621147987,18.344281286787943,7.861838712737018,10.433437845385608,9.573211101402924,2.366522837872268,3.9229035817632223,1.1600675658766948,2.2695263242607173,1.2887149249920742,0.5186586081997779,0.3285214518457602,0.3979331851009864,0.07981255790167058,0.026935985549651067,3.3295814225804654,0.686782318950294,0.02900411128834841,0.237555300807241,3.1415232570648426,0.19703248576054413
6.076975111843683,3.8224467722120865,23.77282659457328,4.69200743711866,6.054954077565321,9.567790753507978,2.3168707737191077,10.211929657273208,0.6840023075826283,1.2770164454344572,1.5310005151684767,0.0021789113621568323,0.11474846369138568,0.06751785765110467,0.30795227332801695,0.2688821158091538,0.20513269689767002,0.27853444386504556,0.4380295082208251,0.5918750406212959,0.30254045203464364,0.38182614479191906,0.25462608352274885,0.18122774846995202,0.3506343014187196,0.19235132308621938,0.34051494357965717
1.8909022643947289,7.293808652875505,4.798182407424478,1.216732636489045,1.431359055031177,3.832196752342759,4.1815567294480145,5.782409604228251,0.4768004492275563,6.025029293819256,3.0613352339878563,0.18451356354009849,0.3230721583406945,0.27636999070174345,1.5303241093657125,0.8803939279901528,0.7297733228804121,0.42070507937708884,0.15787477624069943,0.39122963528295784,0.42097684332771107,0.15576342116315442,0.43125127088228704,0.25573545187766855,0.34592332695868117,0.7960308470912008,0.27145965892496415
3.884536225202417,8.663506371340755,8.407120662229788,2.34391597161116,2.2229132342707763,5.854209989982605,7.138501805630524,10.221803107550953,0.91854747889483,4.889210115548716,4.48395661617473,0.5698051189873724,0.6279412262612599,0.642377895712691,2.370194012705151,1.7570460511917927,1.3371783771490584,0.6773883952890624,0.06086626168521045,0.09704676108586874,0.30027349149661753,0.08331358283055741,0.2595987437651263,0.45876966100945293,0.566262590983788,0.6993660628767386,0.0609366205363216
3.7895087958721496,7.723551765482265,10.516096887669233,5.771368364777845,5.0066308202898595,7.595030571201727,7.992812723016296,10.598608316347699,4.006009765479077,6.585908094293991,6.039552437488787,1.5375216046317337,1.3578792101830846,2.22878521989123,4.337822754653732,4.030911192608711,3.1136019800491117,1.9156727722135531,0.3191609427140304,0.3995700671644221,0.42069406007836063,0.37673818401450293,0.5292589179796884,0.48195417445296546,0.9507997657567151,1.0435623469496011,0.3523527977009353
6.172094897154468,13.091215070104733,19.072380044352848,11.445874697372787,11.335289440630175,16.237795304062853,14.120303333871211,18.59645210890603,11.669177703245822,12.519423474705304,12.425501150789408,9.225513474822176,11.003779323328754,10.945549562213644,10.917113887993466,11.490793488768693,10.115846185620514,9.519510262490535,8.740288067279778,9.626617856154029,7.346335791189772,11.149572139505063,9.522052810768033,6.385289869410035,9.435964693779479,11.16569178677062,8.622855113911855
0.5792515516003411,3.320379595868161,0.0594022125476368,0.01336712049899652,0.00033620566513440107,0.006654491164378124,0.027427157731941224,0.10564016818136084,0.00015452759858731451,0.23108386691516902,0.0023164514488611403,0.0006808330518086129,0.0015820997108857342,5.883919048745578e-05,0.023576477476880416,0.00035802411679946124,0.01141486461331743,0.00015435570847891405,0.310579318258787,5.213180720155937,0.11158069463541846,0.07468250639368786,0.0003113609072491679,0.020345729287661752,0.00015343884658444097,0.00016213976746040954,0.0057624589447155036
0.481481260005856,0.838600440105108,0.6289768727743997,0.5892467970429185,0.554971660050942,0.6106330202825712,0.21762631132400506,0.5026962750697689,0.719657968243655,0.2756459675520227,0.30766701344511393,0.4571268481758829,0.8190078768858607,0.7444550014658231,0.10922381559329004,0.4910256905845075,0.32201966322681036,0.4596059104107382,0.5244156790405704,2.1348141604557243,1.292685090544737,0.6066044601656455,0.7183149775762917,0.4520928150819153,0.5133366815699086,0.7507157553485216,0.7292672064757062
2.394949359413614,6.232619031428828,9.096131868246967,6.6053594406642855,5.493293348165027,8.483925888584757,5.044352471462044,8.919442647238313,7.460157996534648,5.030549081917658,5.200483508945395,5.014413735069892,8.321617631623658,9.104714552629265,4.163078800473463,7.5014983787467795,6.041693352639978,6.633098889632197,1.0381718738624455,5.451546915429486,9.500131864096431,1.687078720965637,5.908572839121185,5.780470579215167,5.850491099715715,6.1364780706539435,3.6925910803866686
2.246598087864804,2.539739215850811,0.7874391321222325,0.3159539986565855,1.579901211223816,0.11408034285766497,0.3728242226343639,0.44194294900333525,0.12102162703803034,2.05771643595358,0.05217170472078886,0.09623177211305246,0.3613055879094968,0.015068823484365881,3.1204541718410757,0.14675826727519528,1.199627312125497,0.00859523165202384,0.005709466966869199,0.006484028171042067,0.49979175551569177,0.06480942389120209,0.017838740966109382,0.19649452255304906,0.006522544012477853,0.08036862377614941,0.0028491508812451927
1.3634735525104424,1.9165584564496738,1.32335989995259,0.5752539980902627,0.6880606191533959,0.512225757913676,0.5572697047289812,1.2468761815530907,0.8613514590285011,0.5634484083432182,0.33712949557760163,1.0613266877968814,1.3073788600525833,0.4231352120575808,0.49043252632307155,0.42271898104062916,0.2868178894712819,0.11583833285500303,0.15211660107941058,0.33878340872705576,0.2267398230979326,0.2759648891315985,0.38245053840965304,0.11504877757330269,0.14188992066042186,0.8221025318118418,0.31187335684571366
5.05554553954354,8.546462718747032,10.439680134038815,6.443763058810534,4.3445940329754755,5.1418276791612625,5.185964093546191,8.894749250166754,2.6819851273408424,4.750315082136251,2.887864500975574,1.847673602333974,0.9732664877490955,2.496499912290985,2.5790772323631947,3.115785080863813,1.4084765605497964,0.6907068438191555,0.2641994903303379,1.8005515575678674,1.8294132199953634,0.22104988629636357,0.2227525179583563,0.6396621183727568,0.3414480494764635,0.2813832910547492,0.4778774150022952
6.767579148426259,11.517580007475148,15.264828578144705,11.01588742921047,10.242863772043009,9.497603605579362,8.18952164316505,13.072292755327886,6.701887907642418,8.808727399551687,4.9319736791339865,0.8494220220817131,0.6045565530822488,0.8404769570222087,1.948267376967479,1.7249293260254153,1.5364396003529601,0.5506880233764387,0.16427217272958017,0.4323844939840468,0.6996421486799834,0.15425135422069827,0.2844662652122198,0.5889678741835467,0.2372628642484908,0.22961180424170674,0.24607603763962094
6.096418146938468,11.895498187275523,18.00616638006022,12.057126926845232,11.456476810361425,13.884952392559276,13.097951555333871,16.940658747501743,12.162755989376752,12.805062891498983,10.083980797540185,5.051113987376575,7.129799773231932,7.88373203496213,9.469715858642024,7.952201169370929,8.929878088582226,4.614067292357781,0.2707805415032027,0.47012862359617913,4.809060327936254,0.8477279231822136,5.143722357936711,5.762839345882965,2.330530770382866,4.6600092706438,2.543861569926774
6.572058434093256,11.166392332343449,19.78423690876858,16.248116245427962,15.345576842976639,16.04134259503669,13.243362571142518,16.674655319089485,15.176359301245578,12.172441110672738,11.263494968789376,8.7483607324927,10.812045508316245,12.699956153582768,11.143243843929465,11.894512015276103,11.419506846226247,8.218826338946824,2.273257964847346,2.343714057433331,8.237178036809237,6.276573480192347,8.05627984590653,7.479761943629746,5.231991372927892,8.44076937724541,7.085299357547098
0.16441597618458711,0.4266488612840832,0.7008871638763436,1.0061019970380654,2.4468477044562422,1.077721392638114,0.48046169275770134,0.5495747794462108,10.274113073750037,0.6824043790860509,2.5101637856354206,5.606207699933179,8.103898787025026,5.410507204825268,7.149603561577596,6.546201718298849,3.8860747413869787,5.777307833715922,5.482662124989128,2.596480108743039,3.034967367456989,7.486921763195077,3.117355897148211,2.653260148158065,3.698023640284626,6.863892390743321,4.127507831984018
0.2585133143687107,0.09847194546426742,1.1003298131208996,0.016478783919919193,0.10049617902800873,0.3739859364147262,0.20578936216974822,0.7364579302279254,0.04577266447275637,0.017220938104169334,0.04912209413129234,0.06388068136933017,0.21160644117723848,0.016090056682527377,0.006027766425010938,0.017126602224909283,0.005368589457615699,0.021550432724770988,0.5367471932510588,1.1538985787656852,0.24043324254972054,0.4708312729233463,0.10928275663769901,0.046288030531644604,0.013770488654287006,0.13081339105849027,0.33186728215983735
1.43274599333604,2.515904707662778,0.7265124543368968,0.0002032437568235439,0.011538493360869631,0.08696300574075176,0.28734255283546206,0.5354279063634433,0.00013332626168814028,0.41521050704839446,0.02451539970777248,0.0010990208338219497,0.029774934225331742,0.006039518467406138,0.1298087089834958,0.028719113177692292,0.12949856923902117,0.05354115698197275,0.5560778537441564,0.9094683910767508,0.23085340604936538,0.44339948564106146,0.034399477683215704,0.05695038899091263,0.013451468355378271,0.007915203668032268,0.18863324231826192
0.004254870579324515,0.0408794980160995,0.025287687184119906,0.004395224441270573,0.0032822725760322563,0.016823098020061718,0.017345952672184493,0.024872619097818738,0.024625904151331663,0.039458754224079066,0.008245087733162345,0.04102479414960037,0.2573944771273608,0.11514950170619791,0.01332962931094011,0.02492097944419436,0.10626423194092988,0.08950502129035344,0.9617196846443332,1.748127904401281,0.5895190670962084,1.0547342618346742,0.5951015214686798,0.18116837992903442,0.17188277293346998,0.4305095595625726,0.8148211188443268
0.4516104150239018,1.4836491299985877,2.4875195492000524,0.6696964951177827,0.7990504955317025,1.2656014301469813,0.9812768121690267,1.4061976238714506,0.9153781205638042,1.5890050116758099,0.7918299953675472,0.5010380604314182,0.36721821434627844,0.3649763679535179,1.4047986412285804,1.0148208878313594,3.6027764351779688,1.29359294568228,3.1614578135770675,5.072397042103216,4.350693954601523,0.3725237141586486,0.8398389351247956,2.642986377404107,1.4510433410616987,0.19420806179224798,2.260462927241492
1.153581603094745,1.448534254685677,1.0513280178035587,0.5849831000031747,0.42352871540116405,0.5000730020596491,0.7244289991444048,0.913000039983076,0.03413214495316522,0.44887548812893907,0.4725175472611249,0.07884541330435364,0.18871395558475149,0.14783895237639463,0.17896046196555426,0.1714604411991838,0.08119153247674862,0.027932422881247813,0.5628168583061945,0.37089645805570604,0.3144909266121072,0.721811965625263,0.2955035241915512,0.16726547918774518,0.1900371676000944,0.16979504115941194,0.44734112362687106
2.24754941039547,4.853766331052479,0.26724391270630565,0.20390291235586436,0.07363130094652678,0.3832850313808727,0.6210485079698653,0.6363354065828418,0.03098844146194692,0.8860733419936252,0.4787473132250783,0.06361064529043861,0.14629482758198142,0.1559484667454903,0.3746234349539531,0.30660313143088813,0.24102063436325485,0.1575294842262239,0.1946078453615256,0.18497874553330132,0.15788293587405103,0.11964698128020554,0.27444556941327103,0.06200783477789931,0.17749736518056913,0.361988489917007,0.18376693892406568
0.7509041627178251,6.945895866192436,2.600328589537139,3.6056700943277322,2.397336336132383,2.0994916305645104,1.2252119991914054,1.1236284963708032,2.7078200858236006,4.070268072228813,1.6636731366625308,1.2209411034194064,0.8705630566336426,0.9352073773845432,1.3607558618143865,1.6984805259536362,0.8378191050728411,0.6232918172747357,0.7648935396324658,0.5675577195542951,0.6401225105519667,0.6615921185782094,0.7837350092299131,0.49186703246891467,0.7213151705775714,0.7833224688554105,0.8777266452975396
4.0271123400296025,13.49972597506563,9.251914352239654,7.269054767590862,6.6330223770259344,8.451051715787317,7.544333343635372,8.385727162329587,4.803860067523866,10.25129106597267,7.066538726189221,2.1221874575928203,1.4985272203460411,1.2336463568385678,7.003846756027593,7.3806493095059365,6.001439237736427,2.7277985014887727,0.6913688522807586,0.6741996014710016,0.7322467641427393,0.7421853087482404,1.8143011188495644,2.643258577941697,3.3330392062166947,3.926081146918491,0.3810099098449858
4.209217952297856,13.459040355887145,10.243189456738328,7.526437399284442,7.004814881599344,8.965253537036057,8.658668257026521,9.305064429052956,7.11606643038943,10.643225503888239,8.088337125270744,5.076041920352167,5.691680662949044,5.0591951282512975,9.412386004833401,9.381953015898956,8.904328127022135,6.189366837313558,0.0784184998066147,0.29445640157787606,4.855100272976135,1.5876379970095262,5.8797837240167805,5.956160836352041,6.670720089186427,7.0232993960976255,2.8925404333663978
0.0024229361074735276,0.0006911476980850054,0.1282913747516105,0.0761143221431838,0.02146121397618726,0.02376214068520239,0.004437951898648236,0.010383839142128135,0.05624709840111157,0.002523449408944777,0.016171354268779636,0.11822073458457567,0.09680198775148047,0.06626957192005001,0.026191873419099634,0.02991139098013703,0.05192108622134335,0.07662374077062076,0.35740857708164797,0.04478512440053267,0.09907742837967691,0.4068557177378062,0.17024865268162764,0.04971484033212388,0.15311896625973925,0.26949015446997443,0.13653152061442644
0.3042814960758518,0.2449693126122406,2.379230252371861,0.2648729038171979,0.45697676091238676,0.5006890948387218,0.2054826452887708,0.5025955587602592,0.07090743187854348,0.08177931048233712,0.11565529007262931,0.020754241734636702,0.03066117171727439,0.0012737763305923986,0.007710088955830794,0.010842152868250682,0.004849519460814878,0.013430072988377164,3.0937515361521393,0.6905579638216157,0.17971582351110288,1.0318435315358336,0.28862960640865737,0.09082667823980109,0.12123575049181436,0.23892685941609842,0.3839837705500715
0.4253656004351155,0.5439513088201042,4.398079278255063,0.5713031595817573,0.8811395225187817,1.4927007028942256,0.8789763507360104,1.850349366268589,0.4859265172583881,0.5079651032951462,0.6493283245786601,0.43507815523864884,0.6913339474006077,0.39587286807405037,0.38992632886980977,0.39910547044510153,0.43259531670875245,0.46455709991320715,6.021619657518433,4.232751637489656,1.582447006434849,4.806319494153111,2.266068134467859,0.8465931059292696,0.981016428696338,1.7210884958498562,2.6542557145640404
1.0853555406440674,1.6220820786457335,3.903334763158498,0.6772017260564158,0.7340817249065603,2.275310869118209,2.444130087552176,3.245918985253091,1.713224957355047,1.7051023497903606,1.8284665786971654,3.6947411063613735,6.48959388424952,3.102719169625297,1.3737697051135755,2.1319758307012466,2.619796372392379,3.273804018202387,14.09012593183583,8.834306397706843,7.137369951840564,15.397894896720517,7.565318488730613,3.8731015874747623,4.614440725287726,8.01210403817771,8.51174476004967
0.12114010943840903,0.134995175076151,0.32343707953099193,0.19700205884396504,0.10501983706550115,0.19164824092328409,0.40013792027924455,0.4019568198067275,0.4395703846887136,0.24379966317982682,0.31801238541797544,0.5931177003155085,2.5733069037188145,0.14490230596392423,0.6015621037476263,0.5554483030286763,0.4874014936202507,0.8905141442489296,2.283053597696989,2.854374625436543,4.499863766340844,1.2450443990025764,2.0783547970019214,1.4985286646725882,1.4840912996635813,4.954335140506192,0.9332206591688947
4.879025739356166e-06,2.0539954080234248e-05,2.661907613036537e-05,0.0064436831349010655,0.00012653328281091378,5.213681949806009e-06,2.7611363387262973e-06,4.7806771253327016e-06,0.00011404837724124359,4.614212491519972e-06,4.508306399516003e-06,0.009565372999517336,0.06275635955568157,0.00021305668318099413,0.00046190413485397533,3.1326870359148134e-05,0.000169713999199507,0.0006780506572888988,0.6746895053038967,0.21401771888834778,0.10306689722524105,0.6067320612958389,0.027797898350072455,0.027062540575872974,0.030095642098714223,0.06855499842510583,0.025660279416859437
0.06203694508570029,0.17493448786040974,0.22767368586340686,0.3057336412402095,0.21310802388618963,0.21401898081806375,0.17835215721996123,0.19861260628164523,0.2725057134879854,0.14413263189196032,0.1415634244790545,0.4147788612249178,0.7601529113708646,0.30591972343075746,0.1291034868218067,0.13878307268106704,0.15563404482829257,0.19565383207193218,5.73009722529346,1.9486918339733137,0.719555999337467,6.607250218807354,0.6338702011458025,0.4213928690321699,0.5471413780603208,0.9170647365698772,0.6077798699888901
0.0001429892916888137,2.9387764182587877e-05,0.024870536769535063,0.40180338730754767,0.15591569178941928,0.004425569757492156,0.0005228854128647313,0.004849320896327848,0.022264595757860592,3.497092658804327e-05,0.0008034222179139123,0.10046372794328146,0.6939406083369981,0.13619268936020498,0.00023108607060957158,0.004156707201011505,0.03116559205901264,0.16948531548910117,9.01211066169478,10.326484566466277,5.038311996382314,9.565116490221735,0.6479697484903314,1.8349085515565382,0.9247727574245544,0.963134840781754,1.3484346289207185
0.2861169659507116,0.1495328859479593,0.6063994539374737,0.700293463679284,0.34421083645225903,0.23317071869474248,0.16176979271033395,0.6578960812551112,0.22073720246885686,0.024995174561556234,0.04637387754665145,0.09995878246980275,0.02455452301227073,0.0034524507347167064,0.0009181730819460977,0.0002442236173076863,0.0005030711330080599,0.0006732150367142983,0.05894413156692095,0.04390411196470287,0.040371598180957285,0.11518308539209732,0.000813098083136878,0.005897152917593808,0.001858028113766547,0.015069343426398586,0.011217110999870513
0.4835392440472139,0.8033100266375671,1.1951914666767476,2.1762454378275677,0.7832695189190305,0.644805500465745,0.5790780503095573,1.5413070375592874,0.7102179477732078,0.4388416550075376,0.3261177913004137,0.33961319645883054,0.1664678364675258,0.17444059122950806,0.16343316812292932,0.11173275939874075,0.08434051852572319,0.0308867673651001,0.27721026679129557,0.0477281450981817,0.1403600750552931,0.1357620897775744,0.01746065006071867,0.047718856298793313,0.021833664547414273,0.04938394224685474,0.06068112517860374
1.8426580158985206,3.709135670784297,5.305021818406904,5.243617274402498,3.6764326064399753,4.0446820991879875,3.326679445255302,4.991526327846285,5.056332612276734,2.8412349172131783,2.2309490158754044,3.5492527883389164,2.890633415881849,2.2651927420658393,1.0575852960218068,1.3320475821934115,0.7189365131394819,0.6583295899769113,4.57089615250371,2.10180002595691,1.7208922424227047,3.383168553610016,0.8881567472427823,0.7535784881931333,0.7118805218284187,1.8031327754279685,0.9904903865072517
3.821336722088388,7.947303237507708,9.338045372438811,7.442820336483835,6.79075813641746,7.999575535012268,6.828240274606338,9.105894398191262,8.103671476882747,6.680923049773783,5.965158774327022,5.808067987796775,4.726209434805801,5.805105591017458,5.098492604629182,4.769661028572189,4.253262795825903,2.420976112189867,1.6043330435363716,2.6658756407563824,3.93503544149679,0.49051428201669955,1.6941582256864838,2.1929109575941217,1.0877496895099934,2.136333105287847,0.9391036993747165
4.82179389937145,10.11528151237318,12.876574466430217,10.805271806898409,9.043154121901608,10.531898428742878,9.818870286013233,12.638345818440696,11.088996190131722,9.02718538610917,8.42286380529669,10.216551205938165,9.037177868097212,9.634939471052645,7.495969473571408,8.5804786814806,7.746193239208709,7.3883775907947395,0.45279282919450303,0.4851237193644066,2.576441866491241,4.020613794262094,6.744952871597913,5.252636775260159,6.2013791756966175,9.46733660987089,2.4830264150958685
2.1823129671362826,3.5249039020245974,13.221359443363992,3.0578493258674864,5.026228029347932,6.761062071208354,7.37994973941538,11.895778289182244,8.124254526821723,6.927921106749615,4.086362360806057,4.159540801986616,2.9829111731438807,7.1213183232759905,1.5410931166176123,3.7399321761679407,1.0883652544020377,2.1231913541818144,0.2614513827925147,0.8918630433823386,0.9563408598847593,0.2871470494313574,1.229951780108348,0.7075004909007324,1.5314707049607796,3.935987192243206,0.6067314121956301
2.0327842226655575,4.155263650507083,8.76272773212118,4.173109034540955,4.361164299798562,5.728489191466978,5.67460144745757,8.295175177681369,5.805860244742359,5.070272429087399,4.05503456156681,3.5671315417181106,2.726733009704033,5.1779578015847445,2.4476895851612603,3.8233779623866035,2.081095513298152,2.801472320258586,1.1685512069697797,1.1003314594953495,0.7738464712783907,1.3160414701414305,1.7346480841666887,0.7556995874585835,1.8715141167622966,3.792287149988166,0.6793301537050692
3.872765473521272,8.17436191337881,10.518666863569996,6.777463507185222,7.136168336430944,8.703664658499317,8.84433874178481,10.857918673703105,9.702247238211502,8.824422535419357,7.6879773641182165,7.833709778651835,7.998422759449187,9.148901161761712,7.408307160936339,7.985079110887379,6.328173650896135,5.222714352640717,3.2795036597332485,4.056068540483323,4.29338486560736,3.5000933412418616,4.017014748953689,2.917665208390477,3.81608787894892,6.792899250318356,2.131633773164059
4.514550350753911,10.251030448931475,13.602882096855657,10.479713121433377,10.058491706188098,12.644400690391734,11.871612401511998,15.288812140609842,8.942560110442773,4.8449403760504755,5.4358403473354455,10.659650277989234,9.41689151427518,11.389564900373834,9.820076170740377,9.573413111971073,9.868177842546734,8.57503448227818,3.3366128691065127,5.053049271732818,6.9551825665635345,4.0166859308155995,6.627154013310612,5.996597540486484,7.318580939315977,8.387690399930412,4.332222255377378
5.110066833363881,10.144157180223926,13.075157922380727,11.05813845078534,10.343240216567086,12.024549758379061,10.997106296580883,13.57087310236978,12.07723295024252,7.060734112195828,8.006014108211145,12.993800218437526,14.92636903256345,13.223825344507409,9.906298365831658,11.064121397738516,10.854127192672763,11.26695827475926,16.536744428465585,14.504633423114875,12.3410603200764,18.17123779599534,13.417061962921162,10.221129956971742,11.469362028336471,14.776030410191876,13.456361961266607
6.691705591072585,14.182317992389947,15.274289443040287,14.25121712080087,13.622082616235616,15.596261770119941,14.377921895499556,16.71643941001277,14.961734821769955,11.843231684958136,12.383198915221872,15.677264396269685,14.94235390353366,18.178254077966205,13.82193202749926,15.149762227183981,14.327023676600929,13.258978635250626,2.4613951346044534,2.7462996615732678,8.11663953469152,5.506004187542769,1.0300617433953423,12.600696554656123,9.889661040814701,2.2501132154946166,0.4210856525223916
5.660888870732573,12.862603634584971,16.528430474563645,13.546717768072389,12.039067886270589,14.887692331395314,14.415928856307822,16.36874780730328,10.445844178411765,12.4343412808205,11.948841711818122,1.035807851141151,0.5157442919423489,1.5702643911650198,9.521367907053353,4.641449925640962,1.635417025560773,0.29562748804567845,2.9534323137480167,0.953017471275772,0.6768741626359854,0.5652422747866879,0.18473183170607063,0.17943276004523018,0.1617105444645253,0.7072072492140572,0.03141278592159836
0.07377627703416322,0.8243280958563429,0.02702526237961933,0.011363812310895496,0.0214582946855302,0.012832744910518884,0.020105461255158462,0.025807844528087952,0.0004934153229070166,0.13208834157742813,0.005022773554827167,0.0007729953115580331,6.0332765722045704e-05,4.052096679267345e-05,0.0136608242051036,0.0002849483454268992,0.0020474301524734118,0.00010780231086576527,0.002020483303619141,0.040110058530436594,0.016988547583324975,0.00029550970898455824,0.0001783039133294132,0.0010527203450152443,8.021510379671682e-05,0.00048220318133928355,0.0011327816612780178
0.3542375172136204,0.2918920328779886,2.5066852144026006,0.6900327686655098,0.9153175325436597,1.2091336599104032,0.6265978352332409,1.5078154046110688,0.634278796279285,0.05115810152976449,0.47402705065835765,0.4433208511153557,0.3757863558551563,0.3525633721799299,0.0002885359047341676,0.11365838630556667,3.641854075076144e-05,0.030846567997742432,0.24868334997652444,0.023255008797437565,1.095452206843535e-05,0.2531344153046764,0.19933881542389095,4.259355949752585e-06,0.0823707802261409,0.3471582596266624,0.20895695091242328
1.5317846725059545,2.3097961528129813,5.039978099526776,0.9663923754518267,1.2590422686348988,2.423462459096833,2.1608213454755036,4.095830784087571,0.6912779879345966,0.9108844038154146,0.9551530375671289,0.5740648604573054,0.6096402814815136,0.5995567328670753,0.211444324447695,0.4664767595171498,0.11677289408219384,0.2582582364237163,0.5114628546389148,0.5756455970865085,0.11386068816025569,0.3646182014613097,0.3534362644508343,0.030462885306410697,0.3782557929110249,0.5859362523858038,0.32192220894787815
5.156789002704302,9.464822536613886,10.519027910304612,4.916465700683734,5.071966558931587,7.7694780146832825,8.41173510050056,10.393677340511053,4.848349274216215,5.924526432569333,5.779548997749533,1.2689593371281183,0.47058868036342905,2.369295340907171,2.8248892554416045,3.2868085603130974,0.9705982802066176,0.46171653414885505,2.304657610846991,1.3661876391448904,0.1472983288513952,0.8245215391219817,0.1337558639315975,0.10430107361581333,0.16394319717353056,0.357668037819438,0.3129919898633277
3.478696379027999,5.651239417878116,5.78091620407235,0.3367061284113664,0.5359763044215871,2.62776962144395,2.833034181739006,4.316812567329177,0.010070163005251062,1.6944873668280314,0.7153735828457158,0.0008422456756038408,0.0003788474606956296,0.0009134961736812007,0.027744600010585027,0.04685410752799901,0.002987685404235634,0.0005304712343833058,1.4395019855571156,0.9633338601559278,0.291892912050871,0.6987520497386878,0.03506382130414528,0.034498394217974,0.002227924823276444,0.0007514709910693702,0.280984253227296
0.4632283633186917,1.0372887540643605,2.313211292669829,0.420880422973133,0.6011239346800964,1.162416860799526,0.8994863398465792,1.6712963693755138,0.2205236817375456,0.6634912825313266,0.4469785483997171,0.10842181870589152,0.22424461557732547,0.2966450857611286,0.19029994382035828,0.2262515157370688,0.12741775871446265,0.18382461046487847,1.9613356704086164,0.6487346942852099,0.15999494112135382,1.1882069619538558,0.49513966121439046,0.09554118591846966,0.34548391114819477,0.38039701758279565,0.6171050667305015
1.6098946639244545,3.5310194517963356,6.24547009052577,1.1769776103679908,1.237253777709082,2.7666693209224946,2.418583039787301,4.035269452429791,0.34975566195463376,1.8693253131385188,0.9417039620136405,0.272058912310834,0.4067117020833186,0.5989683709280448,0.6879013695606464,0.754598711604019,0.6031986821018485,0.44303164078243423,0.04980692355674205,0.17305341843220182,0.6246387108445152,0.019838952924847403,0.3907417169856283,0.4014874707965853,0.49887520813142533,0.43697555564742036,0.16329788375801385
0.687801236662209,0.8762268944847236,0.21518808837403447,0.0010967688331681956,0.006253943320813585,0.04306787834057456,0.2123319762040382,0.2715667110234774,0.0009427833281387853,0.20458177391802423,0.05944198547471036,0.00032935871018339075,0.002194292314440518,0.0023410305276928855,0.01441603879516199,0.008390593099580904,0.011197955911920602,0.006076645284620247,0.007761442360776863,0.027809588538175178,0.02219977255440431,0.0026707110047090982,0.009534588630787592,0.008947408708791212,0.010303156502769042,0.003542402332123751,0.010339105269461904
0.22468119723374858,0.5597265663714509,0.4270094135290748,0.03259739541722602,0.07320523508225743,0.20916268644789612,0.33092829133480656,0.405790358537533,0.05480420442732392,0.4140358205847053,0.1293349521034762,0.019338390292293672,0.053098160533737004,0.04208634335674256,0.10133605111873127,0.05168645019496299,0.11367524354601195,0.08350959886396483,0.0838623960228784,0.1613331908661338,0.20234453648853226,0.012882797873430945,0.07237894927021131,0.140696277034633,0.12568563374719033,0.04319391925746753,0.07545342909706793
0.495154039486377,1.1310956648527675,0.8872460939977941,0.3911683733948055,0.43990568141452036,0.6102054879774951,0.6701096555526146,0.7803031223030041,0.41370942840758096,0.7414721077855367,0.4874208576820423,0.38699072281003083,0.4864634028461851,0.46078687206878355,0.4096624836623733,0.42603815024827835,0.4293181502340911,0.43426554771617587,1.2488006919077925,0.8797882180684249,0.6223348829437512,0.7420628124374389,0.5942671702635602,0.49712203015845596,0.5223857972083696,0.532599872352598,0.6673947014279223
